dimension,segment,users_ad,users_psa,conv_psa,rate_ad,rate_psa,abs_lift,ci_lo,ci_hi,p_raw,p_holm,significant_after_holm
most_ads_day,Monday,83571,3502,79,0.033241196108697996,0.022558537978298116,0.01068265813039988,0.005087511745857942,0.015272441853252446,0.00015779153191189388,0.0015779153191189388,True
most_ads_day,Tuesday,74572,2907,42,0.03044037976720485,0.014447884416924664,0.015992495350280182,0.010826221295393037,0.019939385140491383,3.196953375414797e-08,4.475734725580716e-07,True
most_ads_day,Wednesday,77418,3490,55,0.025355860394223564,0.015759312320916905,0.00959654807330666,0.004776784962127441,0.013400069971471413,0.00010035571761991015,0.0011039128938190117,True
most_ads_day,Thursday,79077,3905,79,0.021637138485273846,0.020230473751600513,0.0014066647336733323,-0.003602531632330464,0.005507275283901505,0.3006621995788233,0.9019865987364699,False
most_ads_day,Friday,88805,3803,62,0.022464951297787288,0.01630291874835656,0.006162032549430728,0.001522447536937515,0.009862659462430777,0.005165885955576299,0.025829429777881496,True
most_ads_day,Saturday,78802,2858,40,0.021306565823202457,0.013995801259622114,0.007310764563580343,0.0022093016891033,0.011152623417905065,0.003037135662260742,0.018222813973564452,True
most_ads_day,Sunday,82332,3059,63,0.024619831900111744,0.020594965675057208,0.004024866225054536,-0.0017360026527107435,0.008618153798273274,0.08513058982455458,0.34052235929821834,False
daypart,Night (0-5),19102,735,1,0.013454088577112343,0.0013605442176870747,0.012093544359425269,0.005603026143798987,0.014158294534685013,0.0006098396781968681,0.0048787174255749445,True
daypart,Morning (6-11),136526,5727,72,0.02116080453539985,0.012572027239392353,0.008588777296007499,0.005272998283729891,0.011279766428516382,1.1455810920575806e-06,1.3746973104690967e-05,True
daypart,Afternoon (12-17),246925,10914,220,0.027668320340184266,0.020157595748579806,0.00751072459160446,0.004628429480616484,0.010068591975610728,5.234992272464591e-07,6.805489954203968e-06,True
daypart,Evening (18-23),162024,6148,127,0.027434207277934133,0.02065712426805465,0.006777083009879482,0.002832195494885648,0.010142684731529607,0.0005086719519716383,0.0045780475677447445,True
ads_bucket,1-5,169962,7861,22,0.002512326284698933,0.0027986261289912225,-0.00028629984429228957,-0.0017395074292592527,0.0006955943580744346,0.7360870728112487,1.0,False
ads_bucket,6-20,202871,7565,57,0.007009380345145437,0.007534699272967614,-0.000525318927822177,-0.002767480849341416,0.001228866328101061,0.7325662001103758,1.0,False
ads_bucket,21-50,125541,5235,114,0.029153822257270534,0.02177650429799427,0.007377317959276264,0.002962738561069149,0.011115863805129652,0.0006909603963894545,0.0048787174255749445,True
ads_bucket,51+,66203,2863,227,0.13464646617222784,0.07928746070555362,0.055359005466674216,0.044575937972238446,0.06506243714774361,4.93840963963366e-20,7.40761445945049e-19,True
